Date,Description,Amount,NewDescription,Type
2024-04-01,"PRESTO FARE/5512K4P7GT TORONTO, ON",4.5,prestofarekpgttorontoon,purchase
2024-04-01,"CINEPLEX REC ROOM ROUN TORONTO, ON",31.64,cineplexrecroomrountorontoon,purchase
2024-04-01,"KELLYS LANDING #6415 TORONTO, ON",38.34,kellyslandingtorontoon,purchase
2024-04-01,"OISHII TEA BRAMPTON, ON",15.42,oishiiteabramptonon,purchase
2024-04-01,"NEWNHAM MAIN TORONTO, ON",8.74,newnhammaintorontoon,purchase
2024-04-01,"ASHBY FIELD CONVENIENCE BRAMPTON, ON",12.31,ashbyfieldconveniencebramptonon,purchase
2024-04-01,"TIM HORTONS #4852 BRAMPTON, ON",15.88,timhortonsbramptonon,purchase
2024-04-01,"TIM HORTONS #4852 BRAMPTON, ON",13.79,timhortonsbramptonon,purchase
2024-04-02,"PRESTO MOBL TORONTO, ON",20.0,prestomobltorontoon,purchase
2024-04-02,"Arden Holdings Inc Montreal, QC",65.65,ardenholdingsincmontrealqc,purchase
2024-04-02,"SUNSET GRILL RESTAURANT BRAMPTON, ON",24.83,sunsetgrillrestaurantbramptonon,purchase
2024-04-05,"NEWNHAM MAIN TORONTO, ON",6.98,newnhammaintorontoon,purchase
2024-04-05,"NEWNHAM MAIN TORONTO, ON",4.08,newnhammaintorontoon,purchase
2024-04-05,"NEWNHAM MAIN TORONTO, ON",3.14,newnhammaintorontoon,purchase
2024-04-10,"PRESTO MOBL TORONTO, ON",20.0,prestomobltorontoon,purchase
2024-04-12,"TIM HORTONS #4852 BRAMPTON, ON",19.1,timhortonsbramptonon,purchase
2024-04-15,"NEWNHAM MAIN TORONTO, ON",8.88,newnhammaintorontoon,purchase
2024-04-15,"DOLLARAMA # 795 BRAMPTON, ON",14.13,dollaramabramptonon,purchase
2024-04-15,"TIM HORTONS #3352 BRAMPTON, ON",6.19,timhortonsbramptonon,purchase
2024-04-15,"PRESTO MOBL TORONTO, ON",20.0,prestomobltorontoon,purchase
2024-04-16,"NEWNHAM MAIN NORTH YORK, ON",14.78,newnhammainnorthyorkon,purchase
2024-04-18,"TIM HORTONS #4852 BRAMPTON, ON",5.63,timhortonsbramptonon,purchase
2024-04-19,"NEWNHAM MAIN TORONTO, ON",2.61,newnhammaintorontoon,purchase
2024-04-19,"PRESTO MOBL TORONTO, ON",20.0,prestomobltorontoon,purchase
2024-04-22,Spotify P2B899D1D7 Stockholm,6.77,spotifypbddstockholm,purchase
2024-04-22,PAYMENT THANK YOU/PAIEMEN T MERCI,622.0,paymentthankyoupaiementmerci,payment
2024-04-22,"TIM HORTONS #4852 BRAMPTON, ON",4.95,timhortonsbramptonon,purchase
2024-04-22,"ASHBY FIELD CONVENIENCE BRAMPTON, ON",8.24,ashbyfieldconveniencebramptonon,purchase
2024-04-22,"VIRGIN PLUS VERDUN, QC",39.55,virginplusverdunqc,purchase
2024-04-22,"TIM HORTONS #4852 BRAMPTON, ON",20.56,timhortonsbramptonon,purchase
2024-04-22,"NEWNHAM MAIN TORONTO, ON",7.58,newnhammaintorontoon,purchase
2024-04-23,"FORTINOS (BRISDALE 202 BRAMPTON, ON",20.99,fortinosbrisdalebramptonon,purchase
2024-04-24,"MCDONALD S #9488 BRAMPTON, ON",20.66,mcdonaldsbramptonon,purchase
2024-04-24,"DOLLARAMA # 795 BRAMPTON, ON",18.22,dollaramabramptonon,purchase
2024-04-24,"TIM HORTONS #4852 BRAMPTON, ON",11.14,timhortonsbramptonon,purchase
2024-04-24,"BRAMPTON PUBLIC LIBRARY B BRAMPTON, ON",2.2,bramptonpubliclibrarybbramptonon,purchase
2024-04-25,"STARBUCKS COFFEE #1957 BRAMPTON, ON",13.71,starbuckscoffeebramptonon,purchase
2024-04-25,"YOUR DOLLAR STORE WITH MO BRAMPTON, ON",11.3,yourdollarstorewithmobramptonon,purchase
2024-04-25,"MCDONALD'S #40397 BRAMPTON, ON",14.22,mcdonaldsbramptonon,purchase
2024-04-26,"WAL-MART SUPERCENTER#1079 BRAMPTON, ON",20.28,walmartsupercenterbramptonon,purchase
2024-04-26,"PRESTO MOBL TORONTO, ON",20.0,prestomobltorontoon,purchase
2024-04-26,"TIM HORTONS #4852 BRAMPTON, ON",16.01,timhortonsbramptonon,purchase
2024-04-26,"OISHII TEA BRAMPTON, ON",14.24,oishiiteabramptonon,purchase
2024-04-26,"TST-Grab Bubble Tea Brampton, ON",13.67,tstgrabbubbleteabramptonon,purchase
2024-04-29,"TIM HORTONS #4852 BRAMPTON, ON",4.95,timhortonsbramptonon,purchase
2024-04-30,"ASHBY FIELD CONVENIENCE BRAMPTON, ON",6.82,ashbyfieldconveniencebramptonon,purchase
2024-05-02,"TORONTO PARKING AUTHOR TORONTO, ON",20.0,torontoparkingauthortorontoon,purchase
2024-05-03,"WAL-MART SUPERCENTER#1079 BRAMPTON, ON",13.45,walmartsupercenterbramptonon,purchase
2024-05-08,"TIM HORTONS #4852 BRAMPTON, ON",5.18,timhortonsbramptonon,purchase
2024-05-08,"CHARTWELLS-YORK-21515 TORONTO, ON",13.51,chartwellsyorktorontoon,purchase
2024-05-13,"DAIRY QUEEN #12278 BRAMPTON, ON",15.79,dairyqueenbramptonon,purchase
2024-05-13,"PRESTO FARE/559J55R75L TORONTO, ON",4.5,prestofarejrltorontoon,purchase
2024-05-13,"STARBUCKS COFFEE #1957 BRAMPTON, ON",13.94,starbuckscoffeebramptonon,purchase
2024-05-13,"PRESTO MOBL TORONTO, ON",20.0,prestomobltorontoon,purchase
2024-05-14,"TIM HORTONS #4852 BRAMPTON, ON",6.19,timhortonsbramptonon,purchase
2024-05-15,"RASHMI'S BAKERY BRAMPTON, ON",6.78,rashmisbakerybramptonon,purchase
2024-05-15,"TIM HORTONS #4852 BRAMPTON, ON",11.04,timhortonsbramptonon,purchase
2024-05-15,"SYMPOSIUM CAFE GEORGETOW HALTON HILLS, ON",32.74,symposiumcafegeorgetowhaltonhillson,purchase
2024-05-16,"SQ *CAFE LANDWER UNIVERSI Toronto, ON",28.27,sqcafelandweruniversitorontoon,purchase
2024-05-16,"KIOKII TORONTO, ON",9.03,kiokiitorontoon,purchase
2024-05-16,"AVANI ASIAN INDIAN BISTRO BRAMPTON, ON",23.36,avaniasianindianbistrobramptonon,purchase
2024-05-16,"BATH & BODY WORKS #6009 TORONTO, ON",11.25,bathbodyworkstorontoon,purchase
2024-05-16,"Uniqlo Canada Toronto, ON",28.25,uniqlocanadatorontoon,purchase
2024-05-21,"TIM HORTONS #4852 BRAMPTON, ON",5.85,timhortonsbramptonon,purchase
2024-05-21,Spotify P2C55BBCD9 Stockholm,6.77,spotifypcbbcdstockholm,purchase
2024-05-21,"PRESTO MOBL TORONTO, ON",20.0,prestomobltorontoon,purchase
2024-05-21,"UBER CANADA/UBEREATS TORONTO, ON",2.0,ubercanadaubereatstorontoon,purchase
2024-05-21,"DAIRY QUEEN #12278 BRAMPTON, ON",11.28,dairyqueenbramptonon,purchase
2024-05-21,"CRAVEABLES MISSISSAUGA, ON",36.0,craveablesmississaugaon,purchase
2024-05-21,"BOSTON PIZZA # 506 MISSISSAUGA, ON",28.96,bostonpizzamississaugaon,purchase
2024-05-21,"UBER CANADA/UBEREATS TORONTO, ON",23.71,ubercanadaubereatstorontoon,purchase
2024-05-21,"PETRO CANADA10503 BRAMPTON, ON",20.0,petrocanadabramptonon,purchase
2024-05-21,"BOSTON PIZZA # 506 MISSISSAUGA, ON",22.72,bostonpizzamississaugaon,purchase
2024-05-22,"VIRGIN PLUS VERDUN, QC",39.55,virginplusverdunqc,purchase
2024-05-22,PAYMENT THANK YOU/PAIEMEN T MERCI,587.1,paymentthankyoupaiementmerci,payment
2024-05-24,"OISHII TEA BRAMPTON, ON",14.84,oishiiteabramptonon,purchase
2024-05-24,"PRESTO MOBL TORONTO, ON",20.0,prestomobltorontoon,purchase
2024-05-27,"RASHMI'S BAKERY BRAMPTON, ON",6.78,rashmisbakerybramptonon,purchase
2024-05-27,"TIM HORTONS #4852 BRAMPTON, ON",7.66,timhortonsbramptonon,purchase
2024-05-27,"TIM HORTONS #4852 BRAMPTON, ON",2.3,timhortonsbramptonon,purchase
2024-05-27,"BASKIN ROBBINS #340180 BRAMPTON, ON",7.38,baskinrobbinsbramptonon,purchase
2024-05-27,"CA WONDERLAND ONLINE 905-832-8131, ON",52.18,cawonderlandonlineon,purchase
2024-05-27,"SQ *HEAVENLY DREAMS ICE C Toronto, ON",11.3,sqheavenlydreamsicectorontoon,purchase
2024-05-31,"STARBUCKS COFFEE #1957 BRAMPTON, ON",25.58,starbuckscoffeebramptonon,purchase
2024-06-03,"STARBUCKS 800-782-7282 800-782-7282, ON",15.0,starbuckson,purchase
2024-06-03,"POPEYES #11962 BRAMPTON, ON",11.29,popeyesbramptonon,purchase
2024-06-03,"PRESTO MOBL TORONTO, ON",20.0,prestomobltorontoon,purchase
2024-06-06,"STARBUCKS 800-782-7282 800-782-7282, ON",15.0,starbuckson,purchase
2024-06-06,"DISNEY PLUS 1 800727-1800, CA",13.55,disneyplusca,purchase
2024-06-06,"AROMA ESPRESSO BAR NORTH YORK, ON",6.5,aromaespressobarnorthyorkon,purchase
2024-06-10,"OISHII TEA BRAMPTON, ON",14.84,oishiiteabramptonon,purchase
2024-06-10,"RASHMI'S BAKERY BRAMPTON, ON",13.56,rashmisbakerybramptonon,purchase
2024-06-10,"PRESTO MOBL TORONTO, ON",20.0,prestomobltorontoon,purchase
2024-06-11,"ca.shein.com 888-8519181, ON",66.41,casheincomon,purchase
2024-06-12,"MINISO-ON-BRAMALEA BRAMPTON, ON",32.04,minisoonbramaleabramptonon,purchase
2024-06-13,"AROMA ESPRESSO BAR NORTH YORK, ON",8.7,aromaespressobarnorthyorkon,purchase
2024-06-13,"STARBUCKS 800-782-7282 800-782-7282, ON",15.0,starbuckson,purchase
2024-06-14,"PRESTO MOBL TORONTO, ON",20.0,prestomobltorontoon,purchase
2024-06-14,"UBER CANADA/UBEREATS TORONTO, ON",16.55,ubercanadaubereatstorontoon,purchase
2024-06-17,"SQ *SMASH Brampton, ON",26.95,sqsmashbramptonon,purchase
2024-06-17,"STARBUCKS 800-782-7282 800-782-7282, ON",15.0,starbuckson,purchase
2024-06-17,"STARBUCKS 800-782-7282 800-782-7282, ON",15.0,starbuckson,purchase
2024-06-17,"REXALL PHARMACY #0224 WILLOWDALE, ON",0.4,rexallpharmacywillowdaleon,purchase
2024-06-17,"NEWNHAM MAIN TORONTO, ON",7.8,newnhammaintorontoon,purchase
2024-06-17,"REXALL PHARMACY #0224 WILLOWDALE, ON",6.71,rexallpharmacywillowdaleon,purchase
2024-06-19,"SHANGHAI 360 UNION TORONTO, ON",11.85,shanghaiuniontorontoon,purchase
2024-06-19,"PRESTO MOBL TORONTO, ON",20.0,prestomobltorontoon,purchase
2024-06-19,"TIM HORTONS #4852 BRAMPTON, ON",3.14,timhortonsbramptonon,purchase
2024-06-20,"MCDONALD'S #40569 TORONTO, ON",4.19,mcdonaldstorontoon,purchase
2024-06-20,PAYMENT THANK YOU/PAIEMEN T MERCI,726.0,paymentthankyoupaiementmerci,payment
2024-06-20,"1080 ENERCARE CENTRE TORONTO, ON",5.93,enercarecentretorontoon,purchase
2024-06-20,"STARBUCKS 04636 TORONTO, ON",9.14,starbuckstorontoon,purchase
2024-06-20,Spotify P2D18D35BC Stockholm,6.77,spotifypddbcstockholm,purchase
2024-06-21,"TIM HORTONS #9436 TORONTO, ON",4.19,timhortonstorontoon,purchase
2024-06-21,"PRESTO MOBL TORONTO, ON",20.0,prestomobltorontoon,purchase
2024-06-21,"TIM HORTONS #4852 BRAMPTON, ON",6.97,timhortonsbramptonon,purchase
2024-06-21,"AROMA ESPRESSO BAR TORONTO, ON",11.75,aromaespressobartorontoon,purchase
2024-06-21,"AROMA ESPRESSO BAR TORONTO, ON",18.9,aromaespressobartorontoon,purchase
2024-06-21,"1080 ENERCARE CENTRE TORONTO, ON",5.93,enercarecentretorontoon,purchase
2024-06-21,"AMSTERDAM BREWHOUSE TORONTO, ON",66.61,amsterdambrewhousetorontoon,purchase
2024-06-24,"PRESTO MOBL TORONTO, ON",20.0,prestomobltorontoon,purchase
2024-06-24,"HAKKALICIOUS BRAMPTON, ON",31.16,hakkaliciousbramptonon,purchase
2024-06-24,"STARBUCKS 800-782-7282 800-782-7282, ON",15.0,starbuckson,purchase
2024-06-24,"ASHBY FIELD CONVENIENCE BRAMPTON, ON",4.35,ashbyfieldconveniencebramptonon,purchase
2024-06-24,"TIM HORTONS #4852 BRAMPTON, ON",11.59,timhortonsbramptonon,purchase
2024-06-24,"AZGA SERVICE CANADA INC CAMBRIDGE, ON",17.28,azgaservicecanadainccambridgeon,purchase
2024-06-24,"SHELL C21971 BRAMPTON, ON",21.05,shellcbramptonon,purchase
2024-06-24,"BUCK OR TWO PLUS #573 GEORGETOWN, ON",20.46,buckortwoplusgeorgetownon,purchase
2024-06-24,"TICKETMASTER CANADA HOST TORONTO, ON",235.5,ticketmastercanadahosttorontoon,purchase
2024-06-25,"WONDERLAND* GPM PURCHA VAUGHAN, ON",35.0,wonderlandgpmpurchavaughanon,purchase
2024-06-26,"TIM HORTONS #4852 BRAMPTON, ON",7.09,timhortonsbramptonon,purchase
2024-06-27,"BOSTON PIZZA #452 VAUGHAN, ON",37.74,bostonpizzavaughanon,purchase
2024-06-28,"TIM HORTONS #4852 BRAMPTON, ON",2.93,timhortonsbramptonon,purchase
2024-07-02,"STARBUCKS 800-782-7282 800-782-7282, ON",15.0,starbuckson,purchase
2024-07-02,"VIRGIN PLUS VERDUN, QC",46.33,virginplusverdunqc,purchase
2024-07-02,"STARBUCKS 800-782-7282 800-782-7282, ON",10.0,starbuckson,purchase
2024-07-05,"PRESTO MOBL TORONTO, ON",15.0,prestomobltorontoon,purchase
2024-07-08,"PAPI CHULO`S MEXICANA TORONTO, ON",14.29,papichulosmexicanatorontoon,purchase
2024-07-08,"Disney Plus Burbank, CA",13.55,disneyplusburbankca,purchase
2024-07-18,"TIM HORTONS #4852 905-457-6530, ON",12.94,timhortonson,purchase
2024-07-19,"STARBUCKS 800-782-7282 800-782-7282, ON",10.0,starbuckson,purchase
2024-07-19,PAYMENT THANK YOU/PAIEMEN T MERCI,768.0,paymentthankyoupaiementmerci,payment
2024-07-22,Spotify P2DDA6A6F2 Stockholm,6.77,spotifypddaafstockholm,purchase
2024-07-23,"SUBZI MANDI CASH & CAR BRAMPTON, ON",28.71,subzimandicashcarbramptonon,purchase
2024-07-23,"SUBZI MANDI CASH & CAR BRAMPTON, ON",5.99,subzimandicashcarbramptonon,purchase
2024-07-23,"PRESTO MOBL TORONTO, ON",30.0,prestomobltorontoon,purchase
2024-07-24,"MCDONALD'S #40397 BRAMPTON, ON",19.96,mcdonaldsbramptonon,purchase
2024-07-29,"VILLA CALEDON INN CALEDON EAST, ON",64.68,villacaledoninncaledoneaston,purchase
2024-07-29,"STARBUCKS 800-782-7282 800-782-7282, ON",10.0,starbuckson,purchase
2024-08-01,"IPPODO HTTPSIPPODOTE, DE",76.0,ippodohttpsippodotede,purchase
2024-08-02,"BATH & BODY WORKS #6009 TORONTO, ON",45.77,bathbodyworkstorontoon,purchase
2024-08-02,"NOT ANOTHER RESTAURANT MISSISSAUGA, ON",36.19,notanotherrestaurantmississaugaon,purchase
2024-08-02,"KIOKII TORONTO, ON",16.94,kiokiitorontoon,purchase
2024-08-02,"TIM HORTONS #4370 BRAMPTON, ON",2.58,timhortonsbramptonon,purchase
2024-08-06,"TST-Grab Bubble Tea Brampton, ON",27.3,tstgrabbubbleteabramptonon,purchase
2024-08-06,"THE ALLEY #2 TORONTO, ON",16.38,thealleytorontoon,purchase
2024-08-06,"Disney Plus Burbank, CA",13.55,disneyplusburbankca,purchase
2024-08-06,"DAIRY QUEEN # 12248 BRAMPTON, ON",5.07,dairyqueenbramptonon,purchase
2024-08-08,"SQ *A-OK CAFE Vaughan, ON",6.78,sqaokcafevaughanon,purchase
2024-08-08,"MINISO-ON-VAUGHAN MILLS CONCORD, ON",28.22,minisoonvaughanmillsconcordon,purchase
2024-08-08,"SOUTH ST. BURGER(VAUGHAN CONCORD, ON",7.86,southstburgervaughanconcordon,purchase
2024-08-08,"BRAMPTON PUBLIC LIBRARY B BRAMPTON, ON",5.0,bramptonpubliclibrarybbramptonon,purchase
2024-08-08,"PRESTO MOBL TORONTO, ON",30.0,prestomobltorontoon,purchase
2024-08-08,"INDRAPRASTHA INDIAN KITC TORONTO, ON",10.16,indraprasthaindiankitctorontoon,purchase
2024-08-08,"INDRAPRASTHA INDIAN KITC TORONTO, ON",11.7,indraprasthaindiankitctorontoon,purchase
2024-08-08,"FORGET ME NOT CAFE TORONTO, ON",7.86,forgetmenotcafetorontoon,purchase
2024-08-08,"SHOP MAKERS VANCOUVER, BC",48.59,shopmakersvancouverbc,purchase
2024-08-08,"The Body Shop Canada Limi Vaughan, ON",18.08,thebodyshopcanadalimivaughanon,purchase
2024-08-09,"SHOPPERS DRUG MART#137 CONCORD, ON",9.0,shoppersdrugmartconcordon,purchase
2024-08-09,"SZECHUAN SZECHUAN CONCORD, ON",3.68,szechuanszechuanconcordon,purchase
2024-08-09,"SQ *A-OK CAFE Vaughan, ON",6.78,sqaokcafevaughanon,purchase
2024-08-09,"PRESTO ST PATRICK STN TORONTO, ON",3.35,prestostpatrickstntorontoon,purchase
2024-08-09,"SQ *A-OK CAFE Vaughan, ON",3.96,sqaokcafevaughanon,purchase
2024-08-12,"UBER CANADA/UBEREATS TORONTO, ON",34.21,ubercanadaubereatstorontoon,purchase
2024-08-12,"PETRO CANADA34462 BRAMPTON, ON",20.0,petrocanadabramptonon,purchase
2024-08-14,"RAJDHANI SWEETS & REST BRAMPTON, ON",6.73,rajdhanisweetsrestbramptonon,purchase
2024-08-14,"TIM HORTONS #4852 BRAMPTON, ON",8.57,timhortonsbramptonon,purchase
2024-08-16,"BURGER KING #17789 647-388-8702, ON",19.41,burgerkingon,purchase
2024-08-19,"ASHBY FIELD CONVENIENCE BRAMPTON, ON",5.99,ashbyfieldconveniencebramptonon,purchase
2024-08-19,"APPLE.COM/BILL 866-712-7753, ON",2.81,applecombillon,purchase
2024-08-19,"AROMA ESPRESSO BAR VAUGHAN, ON",45.0,aromaespressobarvaughanon,purchase
2024-08-19,"TIM HORTONS #4852 BRAMPTON, ON",5.18,timhortonsbramptonon,purchase
2024-08-19,"UBER CANADA/UBEREATS TORONTO, ON",47.01,ubercanadaubereatstorontoon,purchase
2024-08-20,PAYMENT THANK YOU/PAIEMEN T MERCI,719.0,paymentthankyoupaiementmerci,payment
2024-08-20,"VIRGIN PLUS VERDUN, QC",51.98,virginplusverdunqc,purchase
2024-08-20,Spotify P2EB21BD71 Stockholm,6.77,spotifypebbdstockholm,purchase
2024-08-20,"TIM HORTONS #4852 905-457-6530, ON",3.14,timhortonson,purchase
2024-08-21,"PRESTO APPL/5F31F56BJT TORONTO, ON",10.0,prestoapplffbjttorontoon,purchase
2024-08-22,"NEWNHAM MAIN TORONTO, ON",6.5,newnhammaintorontoon,purchase
2024-08-23,"PRESTO MOBI/5F3BM3TC6P TORONTO, ON",20.0,prestomobifbmtcptorontoon,purchase
2024-08-23,"RAJDHANI SWEETS AND RESTA BRAMPTON, ON",29.18,rajdhanisweetsandrestabramptonon,purchase
2024-08-26,"FOREST CAFE TORONTO, ON",15.44,forestcafetorontoon,purchase
2024-08-26,"KFC #1927 NORTH YORK, ON",21.35,kfcnorthyorkon,purchase
2024-08-26,"UBER CANADA/UBEREATS TORONTO, ON",33.01,ubercanadaubereatstorontoon,purchase
2024-08-26,"DESI ROAD BRAMPTON, ON",38.28,desiroadbramptonon,purchase
2024-08-26,"SQ *SMASH Brampton, ON",2.2,sqsmashbramptonon,purchase
2024-08-26,"BURGER KING #17789 647-388-8702, ON",5.18,burgerkingon,purchase
2024-08-27,"UBER CANADA/UBEREATS TORONTO, ON",31.85,ubercanadaubereatstorontoon,purchase
2024-08-28,"UBER CANADA/UBEREATS TORONTO, ON",23.5,ubercanadaubereatstorontoon,purchase
2024-08-28,"SHEIN.COM Toronto, ON",80.41,sheincomtorontoon,purchase
2024-08-29,"TIM HORTONS #4852 905-457-6530, ON",3.66,timhortonson,purchase
2024-08-29,"SHANGHAI 360 UNION TORONTO, ON",13.55,shanghaiuniontorontoon,purchase
2024-08-29,"SELECT BAKERY EAST YORK, ON",9.61,selectbakeryeastyorkon,purchase
2024-08-29,"SMART SERVE ONTARIO MISSISAUGA, ON",44.95,smartserveontariomissisaugaon,purchase
2024-08-29,"PRESTO MOBI/5F4D57KQ5V TORONTO, ON",30.0,prestomobifdkqvtorontoon,purchase
2024-08-30,"UBER CANADA/UBEREATS TORONTO, ON",22.16,ubercanadaubereatstorontoon,purchase
2024-09-03,"MICHAELS #3989 MILTON, ON",11.84,michaelsmiltonon,purchase
2024-09-03,"TURTLE JACKS MILTON MILTON, ON",35.32,turtlejacksmiltonmiltonon,purchase
2024-09-03,"TIM HORTONS #4852 905-457-6530, ON",3.14,timhortonson,purchase
2024-09-03,"TIM HORTONS #4852 905-457-6530, ON",2.61,timhortonson,purchase
2024-09-04,"MACMILLAN LEARNING 8883308477, NY",51.97,macmillanlearningny,purchase
2024-09-05,"SQUARE ONE INSURANCE SERV VANCOUVER, BC",50.74,squareoneinsuranceservvancouverbc,purchase
2024-09-05,"NEWNHAM MAIN TORONTO, ON",5.72,newnhammaintorontoon,purchase
2024-09-06,"BURGER KING #17789 BRAMPTON, ON",36.1,burgerkingbramptonon,purchase
2024-09-06,"IKEA NORTH YORK NORTH YORK, ON",374.24,ikeanorthyorknorthyorkon,purchase
2024-09-06,"Disney Plus Burbank, CA",13.55,disneyplusburbankca,purchase
2024-09-09,"ESSO CIRCLE K NORTH YORK, ON",30.0,essocircleknorthyorkon,purchase
2024-09-09,"UBER CANADA/UBERTRIP TORONTO, ON",8.94,ubercanadaubertriptorontoon,purchase
2024-09-09,"PRESTO MOBI/5F6512D7BK TORONTO, ON",30.0,prestomobifdbktorontoon,purchase
2024-09-09,"WAL-MART SUPERCENTER#1079 BRAMPTON, ON",110.08,walmartsupercenterbramptonon,purchase
2024-09-09,"DOLLARAMA #1165 NORTH YORK, ON",85.4,dollaramanorthyorkon,purchase
2024-09-10,"METRO 52 NORTH YORK, ON",151.6,metronorthyorkon,purchase
2024-09-11,"NEWNHAM MAIN TORONTO, ON",3.14,newnhammaintorontoon,purchase
2024-09-11,"BURGER KING #709 TORONTO, ON",7.2,burgerkingtorontoon,purchase
2024-09-13,"TCF CANADA INC 5679 NORTH YORK, ON",20.67,tcfcanadaincnorthyorkon,purchase
2024-09-13,"TST-Via Cibo - York Mi Toronto, ON",47.24,tstviaciboyorkmitorontoon,purchase
2024-09-16,"NEWNHAM MAIN TORONTO, ON",8.74,newnhammaintorontoon,purchase
2024-09-17,"McDonalds 40072 TORONTO, ON",11.27,mcdonaldstorontoon,purchase
2024-09-18,"APPLE.COM/BILL 866-712-7753, ON",2.81,applecombillon,purchase
2024-09-19,"PRESTO MOBI/5F8CC2QDNZ TORONTO, ON",20.0,prestomobifccqdnztorontoon,purchase
2024-09-20,PAYMENT THANK YOU/PAIEMEN T MERCI,1708.0,paymentthankyoupaiementmerci,payment
2024-09-20,"BEAVERTAILS TORONTO WATER TORONTO, ON",7.86,beavertailstorontowatertorontoon,purchase
2024-09-20,Spotify P30083ED02 Stockholm,6.77,spotifypedstockholm,purchase
2024-09-20,"TST-Matcha Matcha - 40 Toronto, ON",7.91,tstmatchamatchatorontoon,purchase
2024-09-23,"JOHN & DANIELLE'S NO F NORTH YORK, ON",46.73,johndaniellesnofnorthyorkon,purchase
2024-09-23,"SEPHORA YORKDALE TORONTO, ON",45.77,sephorayorkdaletorontoon,purchase
2024-09-23,"APPLE STORE #R120 TORONTO, ON",81.37,applestorertorontoon,purchase
2024-09-23,"HM Yorkdale Toronto, ON",37.28,hmyorkdaletorontoon,purchase
2024-09-23,"PRESTO MOBI/5F8M67QLW7 TORONTO, ON",20.0,prestomobifmqlwtorontoon,purchase
2024-09-23,"NBA COURTSIDE RESTAURA TORONTO, ON",12.0,nbacourtsiderestauratorontoon,purchase
2024-09-23,"AMAYA REAL INDIAN FOOD SCARBOROUGH, ON",22.35,amayarealindianfoodscarboroughon,purchase
2024-09-25,"NEWNHAM MAIN TORONTO, ON",8.36,newnhammaintorontoon,purchase
2024-09-25,"PRESTO MOBI/5F9FL2FHBC TORONTO, ON",20.0,prestomobifflfhbctorontoon,purchase
2024-09-26,"NEWNHAM MAIN TORONTO, ON",6.53,newnhammaintorontoon,purchase
2024-10-01,"NEWNHAM MAIN TORONTO, ON",5.3,newnhammaintorontoon,purchase
2024-10-01,"JOHN & DANIELLE'S NO F NORTH YORK, ON",72.49,johndaniellesnofnorthyorkon,purchase
2024-10-01,"KFC #1929 NORTH YORK, ON",29.36,kfcnorthyorkon,purchase
2024-10-01,"PRESTO MOBI/5F222FNXNF TORONTO, ON",15.0,prestomobiffnxnftorontoon,purchase
2024-10-02,"NEWNHAM MAIN TORONTO, ON",3.14,newnhammaintorontoon,purchase
2024-10-02,"PRESTO MOBI/5F2756VJG6 TORONTO, ON",20.0,prestomobifvjgtorontoon,purchase
2024-10-03,"NEWNHAM MAIN TORONTO, ON",3.14,newnhammaintorontoon,purchase
2024-10-03,"UBER* TRIP UBER.COM/CA/E, ON",37.5,ubertripubercomcaeon,purchase
2024-10-09,"PRESTO MOBI/5FC856S55J TORONTO, ON",20.0,prestomobifcsjtorontoon,purchase
2024-10-10,"SHOPPERS DRUG MART #83 TORONTO, ON",64.82,shoppersdrugmarttorontoon,purchase
2024-10-10,"JOHN & DANIELLE'S NO F NORTH YORK, ON",24.09,johndaniellesnofnorthyorkon,purchase
2024-10-10,"STARBUCKS 04703 TORONTO, ON",10.19,starbuckstorontoon,purchase
2024-10-11,"DOLLARAMA # 567 TORONTO, ON",41.25,dollaramatorontoon,purchase
2024-10-15,"MCDONALD'S #12721 Q04 NORTH YORK, ON",7.11,mcdonaldsqnorthyorkon,purchase
2024-10-15,"PRESTO MOBI/5FCMK7TQ8R TORONTO, ON",20.0,prestomobifcmktqrtorontoon,purchase
2024-10-15,"YOUR DOLLAR STORE WITH MO NORTH YORK, ON",8.19,yourdollarstorewithmonorthyorkon,purchase
2024-10-15,"SQ *EARLS YORKDALE Toronto, ON",31.67,sqearlsyorkdaletorontoon,purchase
2024-10-15,"BLUE MTN FOOD & BEVERA BLUE MOUNTAIN, ON",12.57,bluemtnfoodbeverabluemountainon,purchase
2024-10-15,"UBER CANADA/UBERTRIP TORONTO, ON",17.1,ubercanadaubertriptorontoon,purchase
2024-10-15,"COCA COLA BRAMPTON ON BRAMPTON, ON",4.25,cocacolabramptononbramptonon,purchase
2024-10-16,"KRISPY KREME #554 TORONTO, ON",3.89,krispykremetorontoon,purchase
2024-10-16,"FIRST AND LAST COFFEE SHO TORONTO, ON",13.8,firstandlastcoffeeshotorontoon,purchase
2024-10-16,"METRO 52 NORTH YORK, ON",67.22,metronorthyorkon,purchase
2024-10-17,"SHOPPERS DRUG MART #12 TORONTO, ON",22.59,shoppersdrugmarttorontoon,purchase
2024-10-18,"JOHN & DANIELLE'S NO F NORTH YORK, ON",55.49,johndaniellesnofnorthyorkon,purchase
2024-10-18,"APPLE.COM/BILL 866-712-7753, ON",2.81,applecombillon,purchase
2024-10-21,"JOHN & DANIELLE'S NO F NORTH YORK, ON",34.88,johndaniellesnofnorthyorkon,purchase
2024-10-21,Spotify P30D0A6A2C Stockholm,6.77,spotifypdaacstockholm,purchase
2024-10-22,PAYMENT THANK YOU/PAIEMEN T MERCI,900.25,paymentthankyoupaiementmerci,payment
2024-10-23,"PRESTO MOBI/5F57B9TM5W TORONTO, ON",20.0,prestomobifbtmwtorontoon,purchase
2024-10-23,"UBER CANADA/UBEREATS TORONTO, ON",18.17,ubercanadaubereatstorontoon,purchase
2024-10-25,"TST-Gus Tacos - Bloor Toronto, ON",6.21,tstgustacosbloortorontoon,purchase
2024-10-25,"TARA THRIFT TORONTO, ON",16.95,tarathrifttorontoon,purchase
2024-10-25,"UBER CANADA/UBEREATS TORONTO, ON",19.74,ubercanadaubereatstorontoon,purchase
2024-10-25,"SQ *TSUCHI CAFE Toronto, ON",19.0,sqtsuchicafetorontoon,purchase
2024-10-25,"TIM HORTONS #9329 TORONTO, ON",5.64,timhortonstorontoon,purchase
2024-10-25,"SQ *TSUCHI CAFE Toronto, ON",4.75,sqtsuchicafetorontoon,purchase
2024-10-25,"PRESTO MOBI/5FF764KH92 TORONTO, ON",20.0,prestomobiffkhtorontoon,purchase
2024-10-28,"VALUE VILLAGE #2177 TORONTO, ON",7.33,valuevillagetorontoon,purchase
2024-10-28,"OLD.K CHICKEN BURGERS TORONTO, ON",7.45,oldkchickenburgerstorontoon,purchase
2024-10-28,"UBER CANADA/UBEREATS TORONTO, ON",24.65,ubercanadaubereatstorontoon,purchase
2024-10-28,"IKEA NORTH YORK NORTH YORK, ON",6.22,ikeanorthyorknorthyorkon,purchase
2024-10-28,"TIM HORTONS #1574 NORTH YORK, ON",7.89,timhortonsnorthyorkon,purchase
2024-10-29,"DOLLARAMA #1070 THORNHILL, ON",1.7,dollaramathornhillon,purchase
2024-10-30,"PRESTO MOBI/5FG7477ZLB TORONTO, ON",20.0,prestomobifgzlbtorontoon,purchase
2024-10-30,"NEWNHAM MAIN TORONTO, ON",6.73,newnhammaintorontoon,purchase
2024-10-31,"BOSTON PIZZA #447 MARKHAM, ON",29.71,bostonpizzamarkhamon,purchase
2024-10-31,"UBER CANADA/UBEREATS TORONTO, ON",30.65,ubercanadaubereatstorontoon,purchase
2024-10-31,"NEWNHAM MAIN TORONTO, ON",7.64,newnhammaintorontoon,purchase
2024-11-01,"ZARA TEC #3194 TORONTO, ON",63.06,zaratectorontoon,purchase
2024-11-04,"UBER CANADA/UBEREATS TORONTO, ON",21.35,ubercanadaubereatstorontoon,purchase
2024-11-04,"TIM HORTONS #1574 NORTH YORK, ON",9.02,timhortonsnorthyorkon,purchase
2024-11-04,"PRESTO MOBI/5FH4L1QDZL TORONTO, ON",20.0,prestomobifhlqdzltorontoon,purchase
2024-11-06,"NEWNHAM MAIN TORONTO, ON",5.39,newnhammaintorontoon,purchase
2024-11-06,"NEWNHAM MAIN TORONTO, ON",7.63,newnhammaintorontoon,purchase
2024-11-07,"SQUARE ONE INSURANCE SERV VANCOUVER, BC",25.37,squareoneinsuranceservvancouverbc,purchase
2024-11-07,"NEWNHAM MAIN TORONTO, ON",6.27,newnhammaintorontoon,purchase
2024-11-07,"PRESTO MOBI/5FHL5NTJGR TORONTO, ON",20.0,prestomobifhlntjgrtorontoon,purchase
2024-11-07,"TST-Matcha Matcha - 40 Toronto, ON",58.76,tstmatchamatchatorontoon,purchase
2024-11-12,"UBER CANADA/UBEREATS TORONTO, ON",7.66,ubercanadaubereatstorontoon,purchase
2024-11-12,"UBER CANADA/UBEREATS TORONTO, ON",28.24,ubercanadaubereatstorontoon,purchase
2024-11-12,"NEWNHAM MAIN TORONTO, ON",5.63,newnhammaintorontoon,purchase
2024-11-12,"NEWNHAM MAIN TORONTO, ON",6.16,newnhammaintorontoon,purchase
2024-11-13,"NEWNHAM MAIN TORONTO, ON",5.03,newnhammaintorontoon,purchase
2024-11-13,"SHOPPERS DRUG MART #83 TORONTO, ON",31.6,shoppersdrugmarttorontoon,purchase
2024-11-13,"PRESTO MOBI/5F6NH6RLDS TORONTO, ON",20.0,prestomobifnhrldstorontoon,purchase
2024-11-14,"NEWNHAM MAIN TORONTO, ON",4.08,newnhammaintorontoon,purchase
2024-11-14,"NEWNHAM MAIN TORONTO, ON",3.62,newnhammaintorontoon,purchase
2024-11-14,"METRO 52 NORTH YORK, ON",27.39,metronorthyorkon,purchase
2024-11-14,"NEWNHAM MAIN NORTH YORK, ON",11.85,newnhammainnorthyorkon,purchase
2024-11-15,"NEWNHAM MAIN TORONTO, ON",3.62,newnhammaintorontoon,purchase
2024-11-18,"APPLE.COM/BILL 866-712-7753, ON",2.81,applecombillon,purchase
2024-11-18,"BLUE CLAW - THE WELL TORONTO, ON",8.93,blueclawthewelltorontoon,purchase
2024-11-18,"SEPHORA YORKDALE TORONTO, ON",37.29,sephorayorkdaletorontoon,purchase
2024-11-18,"UBER* EATS TORONTO, ON",21.18,ubereatstorontoon,purchase
2024-11-18,"TST-Prince Street Pizz Toronto, ON",7.63,tstprincestreetpizztorontoon,purchase
2024-11-18,"2562093 ONTARIO LTD TORONTO, ON",5.0,ontarioltdtorontoon,purchase
2024-11-18,"PRESTO MOBI/5FJ680K7P2 TORONTO, ON",20.0,prestomobifjkptorontoon,purchase
2024-11-20,"NEWNHAM MAIN TORONTO, ON",6.41,newnhammaintorontoon,purchase
2024-11-20,"UBER CANADA/UBEREATS TORONTO, ON",18.66,ubercanadaubereatstorontoon,purchase
2024-11-20,Spotify P319D1720D Stockholm,6.77,spotifypddstockholm,purchase
2024-11-25,"UBER CANADA/UBEREATS TORONTO, ON",19.52,ubercanadaubereatstorontoon,purchase
2024-11-25,"7 ELEVEN STORE #22116 TORONTO, ON",13.39,elevenstoretorontoon,purchase
2024-11-25,"UBER CANADA TORONTO, ON",13.96,ubercanadatorontoon,purchase
2024-11-25,"CHATIME INNOVATION BAR MARKHAM, ON",7.35,chatimeinnovationbarmarkhamon,purchase
2024-11-25,PAYMENT THANK YOU/PAIEMEN T MERCI,772.11,paymentthankyoupaiementmerci,payment
2024-11-25,"ONE CARD ONLINE-SENECA NORTH YORK, ON",7.0,onecardonlinesenecanorthyorkon,purchase
2024-11-26,"7 ELEVEN STORE #22116 TORONTO, ON",8.53,elevenstoretorontoon,purchase
2024-11-26,"STARBUCKS 800-782-7282 800-782-7282, ON",15.0,starbuckson,purchase
2024-11-27,"SQ *MOSS PARK ESPRESSO Toronto, ON",5.08,sqmossparkespressotorontoon,purchase
2024-11-27,"PRESTO MOBI/5FL555TBTP TORONTO, ON",20.0,prestomobifltbtptorontoon,purchase
2024-11-28,"DISTILLERY RESTAURANTS TORONTO, ON",12.73,distilleryrestaurantstorontoon,purchase
2024-11-28,"DISTILLERY RESTAURANTS TORONTO, ON",5.79,distilleryrestaurantstorontoon,purchase
2024-11-28,"CLUNY BISTRO TORONTO, ON",11.3,clunybistrotorontoon,purchase
2024-11-28,"WILDLY DELICIOUS TORONTO, ON",21.05,wildlydelicioustorontoon,purchase
2024-11-28,"DAVES HOT CHICKEN TORONTO, ON",18.63,daveshotchickentorontoon,purchase
2024-11-28,"TIFF - VARDA TORONTO, ON",13.0,tiffvardatorontoon,purchase
2024-11-28,"EATALY TORONTO TORONTO, ON",24.98,eatalytorontotorontoon,purchase
2024-11-28,"DAVES HOT CHICKEN TORONTO, ON",7.89,daveshotchickentorontoon,purchase
2024-12-02,"BAGEL WORLD NORTH YORK, ON",2.7,bagelworldnorthyorkon,purchase
2024-12-02,"DPY MAMA'S FOOD MARKET NORTH YORK, ON",21.17,dpymamasfoodmarketnorthyorkon,purchase
2024-12-02,"UBER CANADA/UBEREATS TORONTO, ON",22.62,ubercanadaubereatstorontoon,purchase
2024-12-02,"UBER CANADA/UBEREATS TORONTO, ON",1.0,ubercanadaubereatstorontoon,purchase
2024-12-02,"UBER CANADA/UBEREATS TORONTO, ON",26.5,ubercanadaubereatstorontoon,purchase
2024-12-03,"PRESTO MOBI/5FMGFHPPV7 TORONTO, ON",20.0,prestomobifmgfhppvtorontoon,purchase
2024-12-04,"NEWNHAM MAIN TORONTO, ON",8.74,newnhammaintorontoon,purchase
2024-12-04,"CINEPLEX ENTERTAINMENT 416-323-6600, ON",78.84,cineplexentertainmenton,purchase
2024-12-04,"PRESTO MOBI/5F57B9TM5W TORONTO, ON",20.0,prestomobifbtmwtorontoon,purchase
2024-12-04,"% ARABICA (YORKDALE) TORONTO, ON",10.07,arabicayorkdaletorontoon,purchase
2024-12-09,"SQ *MIZZICA GELATERIA & C Toronto, ON",5.93,sqmizzicagelateriactorontoon,purchase
2024-12-09,"STARBUCKS 800-782-7282 800-782-7282, ON",10.0,starbuckson,purchase
2024-12-09,"FAMOUS PLAYER 7402QPS TORONTO, ON",19.22,famousplayerqpstorontoon,purchase
2024-12-09,"NEWNHAM MAIN TORONTO, ON",4.08,newnhammaintorontoon,purchase
2024-12-09,"PRESTO MOBI/5FNCCJJDF8 TORONTO, ON",20.0,prestomobifnccjjdftorontoon,purchase
2024-12-09,"SQUARE ONE INSURANCE SERV VANCOUVER, BC",25.37,squareoneinsuranceservvancouverbc,purchase
2024-12-09,"UBER CANADA/UBEREATS TORONTO, ON",29.66,ubercanadaubereatstorontoon,purchase
2024-12-10,"UBER CANADA/UBEREATS TORONTO, ON",22.58,ubercanadaubereatstorontoon,purchase
2024-12-11,"NEWNHAM MAIN TORONTO, ON",6.41,newnhammaintorontoon,purchase
2024-12-11,"JOHN & DANIELLE'S NO F NORTH YORK, ON",59.94,johndaniellesnofnorthyorkon,purchase
2024-12-12,"PRESTO MOBI/5F724PKGK6 TORONTO, ON",20.0,prestomobifpkgktorontoon,purchase
2024-12-12,"TEN REN'S TEA-CHINATOW TORONTO, ON",48.0,tenrensteachinatowtorontoon,purchase
2024-12-13,"TIFF - VARDA TORONTO, ON",14.11,tiffvardatorontoon,purchase
2024-12-13,"APPLE STORE #R120 TORONTO, ON",77.97,applestorertorontoon,purchase
2024-12-13,"UBER* EATS HTTPSWWW.UBER, ON",16.71,ubereatshttpswwwuberon,purchase
2024-12-16,"SHOPPERS DRUG MART 809 NORTH YORK, ON",32.3,shoppersdrugmartnorthyorkon,purchase
2024-12-16,"METRO 52 NORTH YORK, ON",27.83,metronorthyorkon,purchase
2024-12-17,"NEWNHAM MAIN NORTH YORK, ON",7.78,newnhammainnorthyorkon,purchase
2024-12-18,CASHBACK/REMISE EN ARGENT,83.3,cashbackremiseenargent,payment
2024-12-18,"NEWNHAM MAIN TORONTO, ON",7.4,newnhammaintorontoon,purchase
2024-12-18,"PRESTO MOBI/5FPCJ8222F TORONTO, ON",20.0,prestomobifpcjftorontoon,purchase
2024-12-18,"APPLE.COM/BILL 866-712-7753, ON",2.81,applecombillon,purchase
2024-12-19,"NEWNHAM MAIN TORONTO, ON",5.55,newnhammaintorontoon,purchase
2024-12-20,"NEWNHAM MAIN TORONTO, ON",5.95,newnhammaintorontoon,purchase
2024-12-20,"JOHN & DANIELLE'S NO F NORTH YORK, ON",28.6,johndaniellesnofnorthyorkon,purchase
2024-12-20,Spotify P3280BCA8E Stockholm,7.22,spotifypbcaestockholm,purchase
2024-12-20,"7 ELEVEN STORE #22116 TORONTO, ON",6.88,elevenstoretorontoon,purchase
2024-12-23,"NEWNHAM MAIN TORONTO, ON",5.55,newnhammaintorontoon,purchase
2024-12-23,"ADA*VENDING MACHINE- C MARKHAM, ON",2.75,adavendingmachinecmarkhamon,purchase
2024-12-23,"PRESTO MOBI/5G01C5GLCQ TORONTO, ON",20.0,prestomobigcglcqtorontoon,purchase
2024-12-23,"STARBUCKS 800-782-7282 800-782-7282, ON",15.0,starbuckson,purchase
2024-12-23,"JOHN & DANIELLE'S NO F NORTH YORK, ON",75.23,johndaniellesnofnorthyorkon,purchase
2024-12-24,PAYMENT THANK YOU/PAIEMEN T MERCI,951.5,paymentthankyoupaiementmerci,payment
2024-12-24,"UBER* EATS TORONTO, ON",22.13,ubereatstorontoon,purchase
2024-12-27,"SQ *10 DEAN Toronto, ON",14.45,sqdeantorontoon,purchase
2024-12-27,"7-ELEVEN #33491 TORONTO, ON",2.79,eleventorontoon,purchase
2024-12-27,"HMART - DUNDAS TORONTO, ON",4.78,hmartdundastorontoon,purchase
2024-12-27,"%ARABICA (UNION STATION) TORONTO, ON",7.65,arabicaunionstationtorontoon,purchase
2024-12-27,"SQ *CAFE LANDWER Toronto, ON",44.29,sqcafelandwertorontoon,purchase
2024-12-30,"DAIRY QUEEN #11985 NORTH YORK, ON",5.49,dairyqueennorthyorkon,purchase
2024-12-30,"JOHN & DANIELLE'S NO F NORTH YORK, ON",90.44,johndaniellesnofnorthyorkon,purchase
2025-01-02,"FOX HOME Yorkdale Toronto, ON",37.06,foxhomeyorkdaletorontoon,purchase
2025-01-02,"PRESTO MOBI/5G24J28ZM9 TORONTO, ON",20.0,prestomobigjzmtorontoon,purchase
2025-01-02,"BATH & BODY WORKS #6007 TORONTO, ON",39.64,bathbodyworkstorontoon,purchase
2025-01-03,"JOHN & DANIELLE'S NO F NORTH YORK, ON",70.18,johndaniellesnofnorthyorkon,purchase
2025-01-06,"NEWNHAM MAIN TORONTO, ON",5.95,newnhammaintorontoon,purchase
2025-01-06,"7 ELEVEN STORE #22116 TORONTO, ON",3.39,elevenstoretorontoon,purchase
2025-01-07,"SQUARE ONE INSURANCE SERV VANCOUVER, BC",25.37,squareoneinsuranceservvancouverbc,purchase
2025-01-07,"JOHN & DANIELLE'S NO F NORTH YORK, ON",11.29,johndaniellesnofnorthyorkon,purchase
2025-01-07,"PRESTO MOBI/5G362J8W5G TORONTO, ON",20.0,prestomobigjwgtorontoon,purchase
2025-01-09,"NEWNHAM MAIN NORTH YORK, ON",12.39,newnhammainnorthyorkon,purchase
2025-01-09,"NEWNHAM MAIN TORONTO, ON",5.55,newnhammaintorontoon,purchase
2025-01-09,"JOHN & DANIELLE'S NO F NORTH YORK, ON",71.37,johndaniellesnofnorthyorkon,purchase
2025-01-10,"PRESTO MOBI/5G3M7J55Z8 TORONTO, ON",20.0,prestomobigmjztorontoon,purchase
2025-01-13,"UBER CANADA/UBEREATS TORONTO, ON",16.74,ubercanadaubereatstorontoon,purchase
2025-01-13,"NEWNHAM MAIN TORONTO, ON",2.99,newnhammaintorontoon,purchase
2025-01-13,"NEWNHAM MAIN TORONTO, ON",5.55,newnhammaintorontoon,purchase
2025-01-13,"7 ELEVEN STORE #22116 TORONTO, ON",22.86,elevenstoretorontoon,purchase
2025-01-14,"NEWNHAM MAIN TORONTO, ON",6.55,newnhammaintorontoon,purchase
2025-01-15,"PRESTO MOBI/5G4JLKZVLJ TORONTO, ON",20.0,prestomobigjlkzvljtorontoon,purchase
2025-01-16,"NEWNHAM MAIN TORONTO, ON",2.99,newnhammaintorontoon,purchase
2025-01-16,"JOHN & DANIELLE'S NO F NORTH YORK, ON",33.35,johndaniellesnofnorthyorkon,purchase
2025-01-17,"NEWNHAM MAIN TORONTO, ON",6.68,newnhammaintorontoon,purchase
2025-01-20,"NEWNHAM MAIN TORONTO, ON",2.99,newnhammaintorontoon,purchase
2025-01-20,"APPLE.COM/BILL 866-712-7753, ON",2.81,applecombillon,purchase
2025-01-20,"PRESTO MOBI/5G58F9QZZF TORONTO, ON",20.0,prestomobigfqzzftorontoon,purchase
2025-01-20,"NEWNHAM MAIN TORONTO, ON",2.59,newnhammaintorontoon,purchase
2025-01-20,"UBER* EATS TORONTO, ON",28.61,ubereatstorontoon,purchase
2025-01-20,Spotify P335C5DFF9 Stockholm,7.22,spotifypcdffstockholm,purchase
2025-01-20,"JOHN & DANIELLE'S NO F NORTH YORK, ON",47.8,johndaniellesnofnorthyorkon,purchase
2025-01-21,"NEWNHAM MAIN TORONTO, ON",6.45,newnhammaintorontoon,purchase
2025-01-22,"PRESTO MOBI/5G63K7G85X TORONTO, ON",20.0,prestomobigkgxtorontoon,purchase
2025-01-22,"HM Yorkdale Toronto, ON",92.62,hmyorkdaletorontoon,purchase
2025-01-23,"NEWNHAM MAIN TORONTO, ON",3.89,newnhammaintorontoon,purchase
2025-01-24,"NEWNHAM MAIN TORONTO, ON",10.99,newnhammaintorontoon,purchase
2025-01-24,"NEWNHAM MAIN NORTH YORK, ON",12.39,newnhammainnorthyorkon,purchase
2025-01-27,"UBER CANADA/UBEREATS TORONTO, ON",17.79,ubercanadaubereatstorontoon,purchase
2025-01-27,"PRESTO MOBI/5G6H1K6QMZ TORONTO, ON",20.0,prestomobighkqmztorontoon,purchase
2025-01-27,"NEWNHAM MAIN TORONTO, ON",7.7,newnhammaintorontoon,purchase
2025-01-27,"NEWNHAM MAIN TORONTO, ON",6.79,newnhammaintorontoon,purchase
2025-01-27,"NEWNHAM MAIN TORONTO, ON",4.79,newnhammaintorontoon,purchase
2025-01-27,"NEWNHAM MAIN TORONTO, ON",10.99,newnhammaintorontoon,purchase
2025-01-27,"NEWNHAM MAIN TORONTO, ON",1.79,newnhammaintorontoon,purchase
2025-01-27,"JOHN & DANIELLE'S NO F NORTH YORK, ON",62.83,johndaniellesnofnorthyorkon,purchase
2025-01-27,"TIM HORTONS #9246 NORTH YORK, ON",2.69,timhortonsnorthyorkon,purchase
2025-01-28,"WALMART.CA MISSISSAUGA, ON",73.37,walmartcamississaugaon,purchase
2025-01-28,"NEWNHAM MAIN TORONTO, ON",7.4,newnhammaintorontoon,purchase
2025-01-28,PAYMENT THANK YOU/PAIEMEN T MERCI,771.55,paymentthankyoupaiementmerci,payment
2025-01-28,"WALMART.CA MISSISSAUGA, ON",33.88,walmartcamississaugaon,purchase
2025-01-30,"NEWNHAM MAIN TORONTO, ON",4.79,newnhammaintorontoon,purchase
2025-01-30,"NEWNHAM MAIN TORONTO, ON",7.4,newnhammaintorontoon,purchase
2025-01-30,"JOHN & DANIELLE'S NO F NORTH YORK, ON",36.45,johndaniellesnofnorthyorkon,purchase
2025-01-30,"PRESTO MOBI/5G7FFL6LN9 TORONTO, ON",20.0,prestomobigffllntorontoon,purchase
2025-01-31,"KONJIKI RAMEN X SARYO CAF NORTH YORK, ON",7.85,konjikiramenxsaryocafnorthyorkon,purchase
2025-01-31,"KONJIKI RAMEN X SARYO CAF NORTH YORK, ON",18.23,konjikiramenxsaryocafnorthyorkon,purchase
2025-02-03,"NEWNHAM MAIN TORONTO, ON",5.95,newnhammaintorontoon,purchase
2025-02-03,"PRESTO MOBI/5G8985PXGM TORONTO, ON",10.0,prestomobigpxgmtorontoon,purchase
2025-02-03,"T&T SUPERMARKET #011 MARKHAM, ON",62.68,ttsupermarketmarkhamon,purchase
2025-02-04,"NEWNHAM MAIN TORONTO, ON",13.9,newnhammaintorontoon,purchase
2025-02-04,"UBER CANADA/UBEREATS TORONTO, ON",11.2,ubercanadaubereatstorontoon,purchase
2025-02-05,"BOSTON PIZZA #447 MARKHAM, ON",18.63,bostonpizzamarkhamon,purchase
2025-02-06,"PRESTO MOBI/5G8P7H79FS TORONTO, ON",10.0,prestomobigphfstorontoon,purchase
2025-02-06,"NEWNHAM MAIN TORONTO, ON",2.99,newnhammaintorontoon,purchase
2025-02-06,"JOHN & DANIELLE'S NO F NORTH YORK, ON",103.38,johndaniellesnofnorthyorkon,purchase
2025-02-07,"SQUARE ONE INSURANCE SERV VANCOUVER, BC",25.37,squareoneinsuranceservvancouverbc,purchase
2025-02-07,"7 ELEVEN STORE #22116 TORONTO, ON",3.39,elevenstoretorontoon,purchase
2025-02-10,"NEWNHAM MAIN TORONTO, ON",2.99,newnhammaintorontoon,purchase
2025-02-10,"PRESTO MOBI/5G97M27NS8 TORONTO, ON",10.0,prestomobigmnstorontoon,purchase
2025-02-10,"NEWNHAM MAIN TORONTO, ON",9.2,newnhammaintorontoon,purchase
2025-02-10,"JOHN & DANIELLE'S NO F NORTH YORK, ON",86.47,johndaniellesnofnorthyorkon,purchase
2025-02-10,"PRESTO MOBI/5G9HHJPFV2 TORONTO, ON",5.0,prestomobighhjpfvtorontoon,purchase
2025-02-11,"NEWNHAM MAIN TORONTO, ON",6.0,newnhammaintorontoon,purchase
2025-02-11,"PRESTO MOBI/5G9N5JBGZ8 TORONTO, ON",5.0,prestomobignjbgztorontoon,purchase
2025-02-12,"YORK CAMPUS TORONTO, ON",3.19,yorkcampustorontoon,purchase
2025-02-12,"PRESTO MOBI/5G21CH2CD8 TORONTO, ON",10.0,prestomobigchcdtorontoon,purchase
2025-02-13,"PRESTO MOBI/5G262BQ6S6 TORONTO, ON",10.0,prestomobigbqstorontoon,purchase
2025-02-14,"NEWNHAM MAIN TORONTO, ON",2.59,newnhammaintorontoon,purchase
2025-02-18,"APPLE.COM/BILL 866-712-7753, ON",2.81,applecombillon,purchase
2025-02-18,"UBER* EATS UBER.COM/CA/E, ON",21.06,ubereatsubercomcaeon,purchase
2025-02-18,"JOHN & DANIELLE'S NO F NORTH YORK, ON",39.91,johndaniellesnofnorthyorkon,purchase
2025-02-18,"NEWNHAM MAIN TORONTO, ON",10.99,newnhammaintorontoon,purchase
2025-02-18,"WALMART.CA MISSISSAUGA, ON",9.01,walmartcamississaugaon,purchase
2025-02-18,"NEWNHAM MAIN TORONTO, ON",2.99,newnhammaintorontoon,purchase
2025-02-19,PAYMENT THANK YOU/PAIEMEN T MERCI,1021.03,paymentthankyoupaiementmerci,payment
2025-02-19,"PRESTO MOBI/5GB9NGMQ8P TORONTO, ON",30.0,prestomobigbngmqptorontoon,purchase
2025-02-19,"WALMART.CA MISSISSAUGA, ON",63.52,walmartcamississaugaon,purchase
2025-02-20,"NEWNHAM MAIN TORONTO, ON",3.14,newnhammaintorontoon,purchase
2025-02-20,Spotify P3432BB066 Stockholm,7.22,spotifypbbstockholm,purchase
2025-02-21,"NEWNHAM MAIN TORONTO, ON",9.27,newnhammaintorontoon,purchase
2025-02-21,"SHOPPERS DRUG MART #83 TORONTO, ON",74.86,shoppersdrugmarttorontoon,purchase
2025-02-24,"NEWNHAM MAIN TORONTO, ON",10.32,newnhammaintorontoon,purchase
2025-02-24,"NEWNHAM MAIN TORONTO, ON",6.5,newnhammaintorontoon,purchase
2025-02-24,"KONJIKI RAMEN NORTH YORK NORTH YORK, ON",26.61,konjikiramennorthyorknorthyorkon,purchase
2025-02-24,"TIM HORTONS #1762 CONCORD, ON",2.58,timhortonsconcordon,purchase
2025-02-24,"JOHN & DANIELLE'S NO F NORTH YORK, ON",41.28,johndaniellesnofnorthyorkon,purchase
2025-02-24,"AMZN Mktp CA*178OL0RH3 WWW.AMAZON.CA, ON",67.9,amznmktpcaolrhwwwamazoncaon,purchase
2025-02-25,"NEWNHAM MAIN TORONTO, ON",6.5,newnhammaintorontoon,purchase
2025-02-26,"JOHN & DANIELLE'S NO F NORTH YORK, ON",38.01,johndaniellesnofnorthyorkon,purchase
2025-02-27,"SP SHOP326268-2 TORONTO, ON",25.97,spshoptorontoon,purchase
2025-02-27,"TST-Blue Claw Lobster Toronto, ON",8.92,tstblueclawlobstertorontoon,purchase
2025-02-27,"TST-BHC - Toronto Toronto, ON",9.04,tstbhctorontotorontoon,purchase
2025-02-27,"TST-Rosies Burgers - Toronto, ON",25.99,tstrosiesburgerstorontoon,purchase
2025-02-27,"MILKY'S TORONTO, ON",20.35,milkystorontoon,purchase
2025-03-03,"PRESTO MOBI/5GD7C7BDBQ TORONTO, ON",20.0,prestomobigdcbdbqtorontoon,purchase
2025-03-03,"JOHN & DANIELLE'S NO F NORTH YORK, ON",39.7,johndaniellesnofnorthyorkon,purchase
2025-03-03,"JOHN & DANIELLE'S NO F NORTH YORK, ON",36.24,johndaniellesnofnorthyorkon,purchase
2025-03-05,"JOHN & DANIELLE'S NO F NORTH YORK, ON",18.48,johndaniellesnofnorthyorkon,purchase
2025-03-06,"UBER CANADA/UBEREATS TORONTO, ON",1.0,ubercanadaubereatstorontoon,purchase
2025-03-06,"UBER CANADA/UBEREATS TORONTO, ON",23.92,ubercanadaubereatstorontoon,purchase
2025-03-07,"SQUARE ONE INSURANCE SERV VANCOUVER, BC",25.37,squareoneinsuranceservvancouverbc,purchase
2025-03-07,"PRESTO MOBI/5G52C5JSWP TORONTO, ON",20.0,prestomobigcjswptorontoon,purchase
2025-03-07,"JOHN & DANIELLE'S NO F NORTH YORK, ON",26.07,johndaniellesnofnorthyorkon,purchase
2025-03-10,"SQ *WU WEI COFFEE ! ?? Toronto, ON",16.95,sqwuweicoffeetorontoon,purchase
2025-03-10,"DAVES HOT CHICKEN TORONTO, ON",24.85,daveshotchickentorontoon,purchase
2025-03-10,"NEWNHAM MAIN TORONTO, ON",4.19,newnhammaintorontoon,purchase
2025-03-11,"JOHN & DANIELLE'S NO F NORTH YORK, ON",64.14,johndaniellesnofnorthyorkon,purchase
2025-03-12,"NEWNHAM MAIN NORTH YORK, ON",7.9,newnhammainnorthyorkon,purchase
2025-03-13,"NEWNHAM MAIN TORONTO, ON",6.27,newnhammaintorontoon,purchase
2025-03-13,"PRESTO MOBI/5GFDNCDFGS TORONTO, ON",10.0,prestomobigfdncdfgstorontoon,purchase
2025-03-17,"NEWNHAM MAIN TORONTO, ON",6.5,newnhammaintorontoon,purchase
2025-03-17,"DEMETRES 1 NORTH YORK, ON",51.9,demetresnorthyorkon,purchase
2025-03-17,"WINGSTOP CANADA 2595 YON NORTH YORK, ON",15.02,wingstopcanadayonnorthyorkon,purchase
2025-03-17,"PRESTO MOBI/5GG2MGJX92 TORONTO, ON",20.0,prestomobiggmgjxtorontoon,purchase
2025-03-17,"TABLE ROCK COMPLEX - QUIC NIAGARA FALLS, ON",9.45,tablerockcomplexquicniagarafallson,purchase
2025-03-17,"TABLE ROCK COMPLEX - RETA NIAGARA FALLS, ON",22.87,tablerockcomplexretaniagarafallson,purchase
2025-03-17,"WAFFLE CONES NIAGARA FALLS, ON",5.97,waffleconesniagarafallson,purchase
2025-03-17,"JOHN & DANIELLE'S NO F NORTH YORK, ON",46.02,johndaniellesnofnorthyorkon,purchase
2025-03-18,"APPLE.COM/BILL 866-712-7753, ON",2.81,applecombillon,purchase
2025-03-20,"JOHN & DANIELLE'S NO F NORTH YORK, ON",54.54,johndaniellesnofnorthyorkon,purchase
2025-03-20,Spotify P351457963 Stockholm,7.22,spotifypstockholm,purchase
2025-03-21,"7 ELEVEN STORE #22116 TORONTO, ON",26.78,elevenstoretorontoon,purchase
2025-03-21,"PRESTO MOBI/5GH15DBD8W TORONTO, ON",20.0,prestomobighdbdwtorontoon,purchase
2025-03-24,"TSUJIRI DUNDAS TORONTO, ON",18.65,tsujiridundastorontoon,purchase
2025-03-24,"SEPHORA YORKDALE TORONTO, ON",67.47,sephorayorkdaletorontoon,purchase
2025-03-24,"SHAKE SHACK TORONTO, ON",26.52,shakeshacktorontoon,purchase
2025-03-24,"STARBUCKS COFFEE #5647 TORONTO, ON",6.5,starbuckscoffeetorontoon,purchase
2025-03-24,"PRESTO MOBI/5GHF76NMS2 TORONTO, ON",20.0,prestomobighfnmstorontoon,purchase
2025-03-25,"UBER* EATS TORONTO, ON",13.44,ubereatstorontoon,purchase
2025-03-26,PAYMENT THANK YOU/PAIEMEN T MERCI,1069.54,paymentthankyoupaiementmerci,payment
2025-03-26,"JOHN & DANIELLE'S NO F NORTH YORK, ON",109.9,johndaniellesnofnorthyorkon,purchase
2025-03-26,"SHOPPERS DRUG MART #08 TORONTO, ON",29.06,shoppersdrugmarttorontoon,purchase
2025-03-27,"HUDSON'S BAY #1554 NORTH YORK, ON",129.95,hudsonsbaynorthyorkon,purchase
2025-03-28,"WINGSTOP CANADA 2595 YON NORTH YORK, ON",13.38,wingstopcanadayonnorthyorkon,purchase
2025-03-28,"NEWNHAM MAIN TORONTO, ON",6.73,newnhammaintorontoon,purchase
2025-03-31,"UBER CANADA/UBEREATS TORONTO, ON",32.54,ubercanadaubereatstorontoon,purchase
2025-04-01,"NEWNHAM MAIN TORONTO, ON",5.03,newnhammaintorontoon,purchase
